{"indexes":[{"v":{"$numberInt":"2"},"key":{"_id":{"$numberInt":"1"}},"name":"_id_"},{"v":{"$numberInt":"2"},"key":{"UserId":{"$numberInt":"1"}},"name":"UserId_1"},{"v":{"$numberInt":"2"},"key":{"IsTrash":{"$numberInt":"1"}},"name":"IsTrash_1","background":true},{"v":{"$numberInt":"2"},"key":{"UrlTitle":{"$numberInt":"1"}},"name":"UrlTitle_1","background":true},{"v":{"$numberInt":"2"},"key":{"IsBlog":{"$numberInt":"1"}},"name":"IsBlog_1","background":true},{"v":{"$numberInt":"2"},"key":{"CreatedTime":{"$numberInt":"1"}},"name":"CreatedTime_1","background":true},{"v":{"$numberInt":"2"},"key":{"UpdatedTime":{"$numberInt":"1"}},"name":"UpdatedTime_1","background":true},{"v":{"$numberInt":"2"},"key":{"PublicTime":{"$numberInt":"1"}},"name":"PublicTime_1","background":true},{"v":{"$numberInt":"2"},"key":{"RecommendTime":{"$numberInt":"1"}},"name":"RecommendTime_1","background":true},{"v":{"$numberInt":"2"},"key":{"NotebookId":{"$numberInt":"1"}},"name":"NotebookId_1","background":true},{"v":{"$numberInt":"2"},"key":{"UserId":{"$numberInt":"1"},"IsBlog":{"$numberInt":"1"}},"name":"UserId_1_IsBlog_1","background":true}],"uuid":"4cbe5a679b434479b30d52fb95136c6f","collectionName":"notes"}